model,fold,n_validation,events_validation,auroc,auprc,brier
prad_recurrence_expression,1,63,14,0.749271137026239,0.4393575113511363,0.1918946182871096
prad_recurrence_expression,2,63,14,0.6763848396501457,0.44906867417768004,0.2030013031732781
prad_recurrence_expression,3,63,15,0.6763888888888889,0.37378663047780697,0.24654716132550938
prad_recurrence_expression,4,63,15,0.7055555555555556,0.446407793136155,0.2217246237910557
prad_recurrence_expression,5,62,14,0.5714285714285714,0.32429715565719686,0.25336755679984546
