model,n,events,predictor_count,auroc,auroc_ci_low,auroc_ci_high,auprc,auprc_ci_low,auprc_ci_high,brier,brier_ci_low,brier_ci_high,calibration_intercept,calibration_slope
clinical_only,314,72,5,0.689365243342516,0.6195351867296166,0.7556499145607257,0.36697362872932116,0.2816696504147356,0.4789043003361604,0.16340694002014697,0.139675819328791,0.18832918305056703,-0.2403894734531573,0.7769803823729224
clinical_expression,314,72,18,0.6807277318640954,0.6082495234563424,0.7521202934292581,0.3802182655738511,0.2946540772280679,0.4948053994206504,0.16710149127389423,0.14089582880277782,0.19489008780070255,-0.4715799774040959,0.5469044400683649
